botdetectionids,botscore,botscoresrc,bottags,clientcountry,clientip,clientrequesthost,clientrequestmethod,clientrequestpath,clientrequesturi,date,edgeendtimestamp,edgeresponsestatus,edgestarttimestamp,originresponsestatus,rayid
null,null,null,null,hu,45.12.132.94,api.granilink.com,POST,/api/internal/node/v1/heartbeat,/api/internal/node/v1/heartbeat,2026-04-03,2026-04-03T13:41:19Z,200,2026-04-03T13:41:18Z,200,9e687d79aebc2783
null,null,null,null,hu,45.12.132.94,api.granilink.com,POST,/api/internal/node/v1/heartbeat,/api/internal/node/v1/heartbeat,2026-04-03,2026-04-03T13:41:53Z,200,2026-04-03T13:41:52Z,200,9e687e4d6c6cc63c
null,null,null,null,hu,45.12.132.94,api.granilink.com,GET,/api/internal/node/v1/assignment,/api/internal/node/v1/assignment?node_id=1,2026-04-03,2026-04-03T13:41:29Z,200,2026-04-03T13:41:28Z,200,9e687db6bc8a3009
null,null,null,null,hu,45.12.132.94,api.granilink.com,POST,/api/internal/node/v1/heartbeat,/api/internal/node/v1/heartbeat,2026-04-03,2026-04-03T13:40:17Z,200,2026-04-03T13:40:16Z,200,9e687bf62881df72
null,null,null,null,hu,45.12.132.94,api.granilink.com,POST,/api/internal/node/v1/heartbeat,/api/internal/node/v1/heartbeat,2026-04-03,2026-04-03T13:40:48Z,200,2026-04-03T13:40:48Z,200,9e687cbabc66f9a0
null,null,null,null,hu,45.12.132.94,api.granilink.com,POST,/api/internal/node/v1/heartbeat,/api/internal/node/v1/heartbeat,2026-04-03,2026-04-03T13:39:47Z,200,2026-04-03T13:39:46Z,200,9e687b39ddcb2790
null,null,null,null,hu,45.12.132.94,api.granilink.com,GET,/api/internal/node/v1/assignment,/api/internal/node/v1/assignment?node_id=1,2026-04-03,2026-04-03T13:39:53Z,200,2026-04-03T13:39:52Z,200,9e687b5fceeaf99a
null,null,null,null,hu,45.12.132.94,api.granilink.com,POST,/api/internal/node/v1/heartbeat,/api/internal/node/v1/heartbeat,2026-04-03,2026-04-03T13:39:14Z,200,2026-04-03T13:39:13Z,200,9e687a6bfdf4d935
null,null,null,null,hu,45.12.132.94,api.granilink.com,POST,/api/internal/node/v1/heartbeat,/api/internal/node/v1/heartbeat,2026-04-03,2026-04-03T13:38:06Z,200,2026-04-03T13:38:05Z,200,9e6878c2eba3f9a0
null,null,null,null,hu,45.12.132.94,api.granilink.com,GET,/api/internal/node/v1/assignment,/api/internal/node/v1/assignment?node_id=1,2026-04-03,2026-04-03T13:38:20Z,200,2026-04-03T13:38:19Z,200,9e687918ce2058b7
null,null,null,null,hu,45.12.132.94,api.granilink.com,POST,/api/internal/node/v1/heartbeat,/api/internal/node/v1/heartbeat,2026-04-03,2026-04-03T13:38:39Z,200,2026-04-03T13:38:38Z,200,9e6879912a22f96e
null,null,null,null,hu,45.12.132.94,api.granilink.com,POST,/api/internal/node/v1/heartbeat,/api/internal/node/v1/heartbeat,2026-04-03,2026-04-03T13:36:59Z,200,2026-04-03T13:36:58Z,200,9e6877203bbd9829
null,null,null,null,hu,45.12.132.94,api.granilink.com,POST,/api/internal/node/v1/heartbeat,/api/internal/node/v1/heartbeat,2026-04-03,2026-04-03T13:37:32Z,200,2026-04-03T13:37:31Z,200,9e6877edefc7b36c
null,null,null,null,hu,45.12.132.94,api.granilink.com,POST,/api/internal/node/v1/heartbeat,/api/internal/node/v1/heartbeat,2026-04-03,2026-04-03T13:36:24Z,200,2026-04-03T13:36:23Z,200,9e68764568e3b3dc
null,null,null,null,hu,45.12.132.94,api.granilink.com,GET,/api/internal/node/v1/assignment,/api/internal/node/v1/assignment?node_id=1,2026-04-03,2026-04-03T13:36:49Z,200,2026-04-03T13:36:48Z,200,9e6876e0fb90f980
null,null,null,null,hu,45.12.132.94,api.granilink.com,POST,/api/internal/node/v1/heartbeat,/api/internal/node/v1/heartbeat,2026-04-03,2026-04-03T13:35:49Z,200,2026-04-03T13:35:48Z,200,9e68756abeb8b605
null,null,null,null,hu,45.12.132.94,api.granilink.com,POST,/api/internal/node/v1/heartbeat,/api/internal/node/v1/heartbeat,2026-04-03,2026-04-03T13:34:44Z,200,2026-04-03T13:34:43Z,200,9e6873d23c6ab3dc
null,null,null,null,hu,45.12.132.94,api.granilink.com,GET,/api/internal/node/v1/assignment,/api/internal/node/v1/assignment?node_id=1,2026-04-03,2026-04-03T13:35:09Z,200,2026-04-03T13:35:08Z,200,9e6874703e72f996
null,null,null,null,hu,45.12.132.94,api.granilink.com,POST,/api/internal/node/v1/heartbeat,/api/internal/node/v1/heartbeat,2026-04-03,2026-04-03T13:35:18Z,200,2026-04-03T13:35:17Z,200,9e6874a8dd3e58b7
null,null,null,null,hu,45.12.132.94,api.granilink.com,POST,/api/internal/node/v1/heartbeat,/api/internal/node/v1/heartbeat,2026-04-03,2026-04-03T13:33:38Z,200,2026-04-03T13:33:37Z,200,9e687234fb2780e8
null,null,null,null,hu,45.12.132.94,api.granilink.com,POST,/api/internal/node/v1/heartbeat,/api/internal/node/v1/heartbeat,2026-04-03,2026-04-03T13:34:09Z,200,2026-04-03T13:34:08Z,200,9e6872f9a8fbf970
null,null,null,null,hu,45.12.132.94,api.granilink.com,POST,/api/internal/node/v1/heartbeat,/api/internal/node/v1/heartbeat,2026-04-03,2026-04-03T13:32:30Z,200,2026-04-03T13:32:30Z,200,9e6870907ac6f98c
null,null,null,null,hu,45.12.132.94,api.granilink.com,GET,/api/auth/me,/api/auth/me,2026-04-03,2026-04-03T13:32:40Z,200,2026-04-03T13:32:40Z,200,9e6870ce281df011
null,null,null,null,hu,45.12.132.94,api.granilink.com,GET,/api/auth/me,/api/auth/me,2026-04-03,2026-04-03T13:32:40Z,200,2026-04-03T13:32:39Z,200,9e6870cc8b28b391
null,null,null,null,hu,45.12.132.94,api.granilink.com,POST,/api/internal/node/v1/heartbeat,/api/internal/node/v1/heartbeat,2026-04-03,2026-04-03T13:33:04Z,200,2026-04-03T13:33:03Z,200,9e6871638ec5f96c
null,null,null,null,fr,51.68.111.214,granilink.com,GET,/robots.txt,/robots.txt,2026-04-03,2026-04-03T13:33:07Z,200,2026-04-03T13:33:07Z,0,9e6871776f1913f4
null,null,null,null,hu,45.12.132.94,api.granilink.com,GET,/api/vpn/devices,/api/vpn/devices,2026-04-03,2026-04-03T13:32:45Z,200,2026-04-03T13:32:44Z,200,9e6870e9c815f97a
null,null,null,null,hu,45.12.132.94,api.granilink.com,GET,/api/vpn/devices,/api/vpn/devices,2026-04-03,2026-04-03T13:32:46Z,200,2026-04-03T13:32:46Z,200,9e6870f3db3df97a
null,null,null,null,hu,45.12.132.94,api.granilink.com,GET,/api/vpn/servers,/api/vpn/servers,2026-04-03,2026-04-03T13:32:40Z,200,2026-04-03T13:32:39Z,200,9e6870cc8cd4b3dc
null,null,null,null,hu,45.12.132.94,api.granilink.com,GET,/api/vpn/devices,/api/vpn/devices,2026-04-03,2026-04-03T13:32:43Z,200,2026-04-03T13:32:42Z,200,9e6870ddcf57f97a
null,null,null,null,hu,45.12.132.94,api.granilink.com,GET,/api/vpn/status,/api/vpn/status?device_id=3d78acc6-fdbf-41cd-98f7-646671a21e94,2026-04-03,2026-04-03T13:32:40Z,200,2026-04-03T13:32:39Z,200,9e6870cc8f796e99
null,null,null,null,hu,45.12.132.94,api.granilink.com,GET,/api/vpn/devices,/api/vpn/devices,2026-04-03,2026-04-03T13:32:54Z,200,2026-04-03T13:32:53Z,200,9e6871229ac9f97a
null,null,null,null,hu,45.12.132.94,api.granilink.com,GET,/api/internal/node/v1/assignment,/api/internal/node/v1/assignment?node_id=1,2026-04-03,2026-04-03T13:33:37Z,200,2026-04-03T13:33:37Z,200,9e687233dbadf98e
null,null,null,null,hu,45.12.132.94,api.granilink.com,POST,/api/internal/node/v1/heartbeat,/api/internal/node/v1/heartbeat,2026-04-03,2026-04-03T13:31:29Z,200,2026-04-03T13:31:28Z,200,9e686f11acf8f98e
null,null,null,null,hu,45.12.132.94,api.granilink.com,GET,/api/auth/me,/api/auth/me,2026-04-03,2026-04-03T13:31:43Z,200,2026-04-03T13:31:43Z,200,9e686f6abecdb34b
null,null,null,null,hu,45.12.132.94,api.granilink.com,GET,/api/vpn/status,/api/vpn/status?device_id=3d78acc6-fdbf-41cd-98f7-646671a21e94,2026-04-03,2026-04-03T13:31:46Z,499,2026-04-03T13:31:43Z,0,9e686f6a39499947
null,null,null,null,hu,45.12.132.94,api.granilink.com,POST,/api/internal/node/v1/heartbeat,/api/internal/node/v1/heartbeat,2026-04-03,2026-04-03T13:31:59Z,200,2026-04-03T13:31:59Z,200,9e686fd05bb6b34d
null,null,null,null,hu,45.12.132.94,api.granilink.com,GET,/api/internal/node/v1/assignment,/api/internal/node/v1/assignment?node_id=1,2026-04-03,2026-04-03T13:32:00Z,200,2026-04-03T13:31:59Z,200,9e686fd329e98c98
null,null,null,null,hu,45.12.132.94,api.granilink.com,POST,/api/vpn/logs/send,/api/vpn/logs/send,2026-04-03,2026-04-03T13:32:01Z,202,2026-04-03T13:32:00Z,202,9e686fd9ccd8b190
null,null,null,null,hu,45.12.132.94,api.granilink.com,GET,/api/vpn/status,/api/vpn/status?device_id=3d78acc6-fdbf-41cd-98f7-646671a21e94,2026-04-03,2026-04-03T13:32:40Z,200,2026-04-03T13:32:40Z,200,9e6870ce2eadf97a
null,null,null,null,hu,45.12.132.94,api.granilink.com,GET,/api/vpn/status,/api/vpn/status?device_id=3d78acc6-fdbf-41cd-98f7-646671a21e94,2026-04-03,2026-04-03T13:31:46Z,499,2026-04-03T13:31:43Z,0,9e686f69feb3cd2b
null,null,null,null,hu,45.12.132.94,api.granilink.com,GET,/api/vpn/status,/api/vpn/status?device_id=3d78acc6-fdbf-41cd-98f7-646671a21e94,2026-04-03,2026-04-03T13:31:46Z,499,2026-04-03T13:31:43Z,0,9e686f6a3fa9cd2b
null,null,null,null,hu,45.12.132.94,api.granilink.com,GET,/api/auth/me,/api/auth/me,2026-04-03,2026-04-03T13:31:43Z,200,2026-04-03T13:31:43Z,200,9e686f6a3beaf976
null,null,null,null,hu,45.12.132.94,api.granilink.com,GET,/api/vpn/status,/api/vpn/status?device_id=3d78acc6-fdbf-41cd-98f7-646671a21e94,2026-04-03,2026-04-03T13:31:46Z,499,2026-04-03T13:31:43Z,0,9e686f6ab9b0deac
null,null,null,null,ru,94.180.243.40,api.granilink.com,GET,/api/auth/me,/api/auth/me,2026-04-03,2026-04-03T13:31:45Z,200,2026-04-03T13:31:44Z,200,9e686f730d8eaccb
null,null,null,null,hu,45.12.132.94,api.granilink.com,GET,/api/internal/node/v1/assignment,/api/internal/node/v1/assignment?node_id=1,2026-04-03,2026-04-03T13:30:30Z,200,2026-04-03T13:30:29Z,200,9e686da0bf32b949
null,null,null,null,hu,45.12.132.94,api.granilink.com,POST,/api/internal/node/v1/heartbeat,/api/internal/node/v1/heartbeat,2026-04-03,2026-04-03T13:30:54Z,200,2026-04-03T13:30:53Z,200,9e686e372d63f976
null,null,null,null,hu,45.12.132.94,api.granilink.com,POST,/api/internal/node/v1/heartbeat,/api/internal/node/v1/heartbeat,2026-04-03,2026-04-03T13:29:19Z,200,2026-04-03T13:29:18Z,200,9e686be55d7da0f5
null,null,null,null,hu,45.12.132.94,api.granilink.com,POST,/api/internal/node/v1/heartbeat,/api/internal/node/v1/heartbeat,2026-04-03,2026-04-03T13:30:20Z,200,2026-04-03T13:30:19Z,200,9e686d617a5a7dd5
null,null,null,null,hu,45.12.132.94,api.granilink.com,POST,/api/internal/node/v1/heartbeat,/api/internal/node/v1/heartbeat,2026-04-03,2026-04-03T13:29:49Z,200,2026-04-03T13:29:48Z,200,9e686ca08fbbb605
null,null,null,null,hu,45.12.132.94,api.granilink.com,POST,/api/internal/node/v1/heartbeat,/api/internal/node/v1/heartbeat,2026-04-03,2026-04-03T13:28:06Z,200,2026-04-03T13:28:06Z,200,9e686a1e4d7f5a95
null,null,null,null,hu,45.12.132.94,api.granilink.com,POST,/api/internal/node/v1/heartbeat,/api/internal/node/v1/heartbeat,2026-04-03,2026-04-03T13:28:39Z,200,2026-04-03T13:28:39Z,200,9e686aec2c2d9d41
null,null,null,null,hu,45.12.132.94,api.granilink.com,GET,/api/internal/node/v1/assignment,/api/internal/node/v1/assignment?node_id=1,2026-04-03,2026-04-03T13:29:00Z,200,2026-04-03T13:28:59Z,200,9e686b6e39df3249
null,null,null,null,hu,45.12.132.94,api.granilink.com,POST,/api/internal/node/v1/heartbeat,/api/internal/node/v1/heartbeat,2026-04-03,2026-04-03T13:27:04Z,200,2026-04-03T13:27:04Z,200,9e68689a18b9c2e6
null,null,null,null,hu,45.12.132.94,api.granilink.com,GET,/api/internal/node/v1/assignment,/api/internal/node/v1/assignment?node_id=1,2026-04-03,2026-04-03T13:27:27Z,200,2026-04-03T13:27:26Z,200,9e6869298c565b15
null,null,null,null,hu,45.12.132.94,api.granilink.com,POST,/api/internal/node/v1/heartbeat,/api/internal/node/v1/heartbeat,2026-04-03,2026-04-03T13:27:37Z,200,2026-04-03T13:27:37Z,200,9e68696adf3ccd5a
null,null,null,null,hu,45.12.132.94,api.granilink.com,POST,/api/internal/node/v1/heartbeat,/api/internal/node/v1/heartbeat,2026-04-03,2026-04-03T13:25:55Z,200,2026-04-03T13:25:55Z,200,9e6866ebcf28babc
null,null,null,null,hu,45.12.132.94,api.granilink.com,GET,/api/internal/node/v1/assignment,/api/internal/node/v1/assignment?node_id=1,2026-04-03,2026-04-03T13:25:55Z,200,2026-04-03T13:25:55Z,200,9e6866ec09c5a2c1
null,null,null,null,hu,45.12.132.94,api.granilink.com,POST,/api/internal/node/v1/heartbeat,/api/internal/node/v1/heartbeat,2026-04-03,2026-04-03T13:26:29Z,200,2026-04-03T13:26:28Z,200,9e6867be7efb5bbb
null,null,null,null,hu,45.12.132.94,api.granilink.com,POST,/api/internal/node/v1/heartbeat,/api/internal/node/v1/heartbeat,2026-04-03,2026-04-03T13:24:44Z,200,2026-04-03T13:24:43Z,200,9e68652e3c035b82
null,null,null,null,hu,45.12.132.94,api.granilink.com,POST,/api/internal/node/v1/heartbeat,/api/internal/node/v1/heartbeat,2026-04-03,2026-04-03T13:25:19Z,200,2026-04-03T13:25:18Z,200,9e6866092c6f3ec1
null,null,null,null,ru,176.15.220.74,api.granilink.com,GET,/api/auth/me,/api/auth/me,2026-04-03,2026-04-03T13:23:20Z,200,2026-04-03T13:23:20Z,200,9e6863225afc55cd
null,null,null,null,hu,45.12.132.94,api.granilink.com,POST,/api/internal/node/v1/heartbeat,/api/internal/node/v1/heartbeat,2026-04-03,2026-04-03T13:23:34Z,200,2026-04-03T13:23:33Z,200,9e686378b85dc2a2
null,null,null,null,ru,176.15.220.74,api.granilink.com,GET,/api/auth/me,/api/auth/me,2026-04-03,2026-04-03T13:24:01Z,200,2026-04-03T13:24:00Z,200,9e6864204dac18dd
null,null,null,null,ru,176.15.220.74,api.granilink.com,POST,/api/vpn/device/push-token,/api/vpn/device/push-token,2026-04-03,2026-04-03T13:24:01Z,200,2026-04-03T13:24:00Z,200,9e686420d956d26e
null,null,null,null,ru,176.15.220.74,api.granilink.com,GET,/api/vpn/servers,/api/vpn/servers,2026-04-03,2026-04-03T13:24:01Z,200,2026-04-03T13:24:00Z,200,9e686420eec8a0cd
null,null,null,null,ru,176.15.220.74,api.granilink.com,POST,/api/vpn/device/register,/api/vpn/device/register,2026-04-03,2026-04-03T13:24:16Z,499,2026-04-03T13:24:01Z,0,9e686424e8b1a0cd
null,null,null,null,hu,45.12.132.94,api.granilink.com,GET,/api/internal/node/v1/assignment,/api/internal/node/v1/assignment?node_id=1,2026-04-03,2026-04-03T13:24:20Z,200,2026-04-03T13:24:19Z,200,9e68649788955e99
null,null,null,null,ru,176.15.220.74,api.granilink.com,POST,/api/vpn/session/prepare,/api/vpn/session/prepare,2026-04-03,2026-04-03T13:23:54Z,200,2026-04-03T13:23:53Z,200,9e6863f4fe699250
null,null,null,null,ru,176.15.220.74,api.granilink.com,POST,/api/vpn/logs/send,/api/vpn/logs/send,2026-04-03,2026-04-03T13:23:44Z,202,2026-04-03T13:23:43Z,202,9e6863b3bbcb95bd
null,null,null,null,hu,45.12.132.94,api.granilink.com,POST,/api/internal/node/v1/heartbeat,/api/internal/node/v1/heartbeat,2026-04-03,2026-04-03T13:24:09Z,200,2026-04-03T13:24:08Z,200,9e686453aa85f406
null,null,null,null,us,147.185.132.31,api.granilink.com,GET,/,/,2026-04-03,2026-04-03T13:24:22Z,301,2026-04-03T13:24:22Z,301,9e6864a70e0f7bb4
null,null,null,null,hu,45.12.132.94,api.granilink.com,GET,/api/internal/node/v1/assignment,/api/internal/node/v1/assignment?node_id=1,2026-04-03,2026-04-03T13:22:49Z,200,2026-04-03T13:22:48Z,200,9e68625ec9d45ae5
null,null,null,null,ru,176.15.220.74,api.granilink.com,POST,/api/vpn/session/prepare,/api/vpn/session/prepare,2026-04-03,2026-04-03T13:22:44Z,200,2026-04-03T13:22:38Z,200,9e68621e3ba42e0f
null,null,null,null,hu,45.12.132.94,api.granilink.com,POST,/api/internal/node/v1/heartbeat,/api/internal/node/v1/heartbeat,2026-04-03,2026-04-03T13:22:59Z,200,2026-04-03T13:22:58Z,200,9e68629de8c85a5a
null,null,null,null,ru,176.15.220.74,api.granilink.com,GET,/api/auth/me,/api/auth/me,2026-04-03,2026-04-03T13:22:51Z,200,2026-04-03T13:22:50Z,200,9e68626bfbbaeff0
null,null,null,null,ru,176.15.220.74,api.granilink.com,GET,/api/vpn/devices,/api/vpn/devices,2026-04-03,2026-04-03T13:23:03Z,200,2026-04-03T13:23:02Z,200,9e6862b429a479fb
null,null,null,null,ru,176.15.220.74,api.granilink.com,GET,/api/vpn/devices,/api/vpn/devices,2026-04-03,2026-04-03T13:23:24Z,200,2026-04-03T13:23:24Z,200,9e68633dcf4f76a9
null,null,null,null,ru,176.15.220.74,api.granilink.com,POST,/api/vpn/disconnect,/api/vpn/disconnect,2026-04-03,2026-04-03T13:23:42Z,200,2026-04-03T13:23:41Z,200,9e6863a93c752d7d
null,null,null,null,ru,176.15.220.74,api.granilink.com,GET,/api/vpn/devices,/api/vpn/devices,2026-04-03,2026-04-03T13:23:45Z,200,2026-04-03T13:23:44Z,200,9e6863bc79fe2d7d
null,null,null,null,ru,176.15.220.74,api.granilink.com,GET,/api/vpn/status,/api/vpn/status?device_id=3d78acc6-fdbf-41cd-98f7-646671a21e94,2026-04-03,2026-04-03T13:22:29Z,200,2026-04-03T13:22:27Z,200,9e6861dcdff62e0f
null,null,null,null,ru,176.15.220.74,api.granilink.com,GET,/api/auth/me,/api/auth/me,2026-04-03,2026-04-03T13:22:39Z,200,2026-04-03T13:22:38Z,200,9e68621fbe58eff0
null,null,null,null,hu,45.12.132.94,api.granilink.com,POST,/api/internal/node/v1/assignment/7b0090d8-4e84-4a6d-a6d5-b6c21dcbb9d8/result,/api/internal/node/v1/assignment/7b0090d8-4e84-4a6d-a6d5-b6c21dcbb9d8/result?node_id=1,2026-04-03,2026-04-03T13:22:50Z,200,2026-04-03T13:22:50Z,200,9e686267cefe5b19
null,null,null,null,ru,176.15.220.74,api.granilink.com,GET,/api/vpn/status,/api/vpn/status?device_id=3d78acc6-fdbf-41cd-98f7-646671a21e94,2026-04-03,2026-04-03T13:22:03Z,200,2026-04-03T13:22:03Z,200,9e6861436858dc56
null,null,null,null,ru,176.15.220.74,api.granilink.com,GET,/api/auth/me,/api/auth/me,2026-04-03,2026-04-03T13:22:03Z,200,2026-04-03T13:22:03Z,200,9e686142fa34481e
null,null,null,null,ru,176.15.220.74,api.granilink.com,GET,/api/vpn/status,/api/vpn/status?device_id=3d78acc6-fdbf-41cd-98f7-646671a21e94,2026-04-03,2026-04-03T13:22:06Z,200,2026-04-03T13:22:05Z,200,9e6861527c30dc56
null,null,null,null,hu,45.12.132.94,api.granilink.com,POST,/api/internal/node/v1/heartbeat,/api/internal/node/v1/heartbeat,2026-04-03,2026-04-03T13:22:26Z,200,2026-04-03T13:22:25Z,200,9e6861ce2bb32942
null,null,null,null,ru,176.15.220.74,api.granilink.com,POST,/api/vpn/device/push-token,/api/vpn/device/push-token,2026-04-03,2026-04-03T13:21:14Z,200,2026-04-03T13:21:13Z,200,9e68600cddeeacd4
null,null,null,null,ru,176.15.220.74,api.granilink.com,GET,/api/auth/me,/api/auth/me,2026-04-03,2026-04-03T13:21:20Z,200,2026-04-03T13:21:20Z,200,9e686036285cfeec
null,null,null,null,ru,176.15.220.74,api.granilink.com,GET,/api/vpn/servers,/api/vpn/servers,2026-04-03,2026-04-03T13:21:43Z,200,2026-04-03T13:21:42Z,200,9e6860c0a84cdb0c
null,null,null,null,hu,45.12.132.94,api.granilink.com,POST,/api/internal/node/v1/heartbeat,/api/internal/node/v1/heartbeat,2026-04-03,2026-04-03T13:21:54Z,200,2026-04-03T13:21:54Z,200,9e686109ee8227b8
null,null,null,null,ru,176.15.220.74,api.granilink.com,GET,/api/vpn/devices,/api/vpn/devices,2026-04-03,2026-04-03T13:21:50Z,200,2026-04-03T13:21:49Z,200,9e6860edd922db0c
null,null,null,null,ru,176.15.220.74,api.granilink.com,GET,/api/auth/me,/api/auth/me,2026-04-03,2026-04-03T13:22:06Z,200,2026-04-03T13:22:05Z,200,9e68615248e9481e
null,null,null,null,ru,176.15.220.74,api.granilink.com,GET,/api/vpn/devices,/api/vpn/devices,2026-04-03,2026-04-03T13:22:12Z,200,2026-04-03T13:22:11Z,200,9e686177a8387bf6
null,null,null,null,ru,176.15.220.74,api.granilink.com,GET,/api/vpn/servers,/api/vpn/servers,2026-04-03,2026-04-03T13:22:06Z,200,2026-04-03T13:22:05Z,200,9e6861526bec45dd
null,null,null,null,ru,176.15.220.74,api.granilink.com,GET,/api/vpn/servers,/api/vpn/servers,2026-04-03,2026-04-03T13:22:03Z,200,2026-04-03T13:22:03Z,200,9e686142faf545dd
null,null,null,null,ru,176.15.220.74,api.granilink.com,GET,/api/vpn/devices,/api/vpn/devices,2026-04-03,2026-04-03T13:22:09Z,200,2026-04-03T13:22:09Z,200,9e686168fd607bf6
null,null,null,null,ru,176.15.220.74,api.granilink.com,GET,/api/vpn/status,/api/vpn/status?device_id=3d78acc6-fdbf-41cd-98f7-646671a21e94,2026-04-03,2026-04-03T13:20:21Z,200,2026-04-03T13:20:20Z,200,9e685ec00f65f351
null,null,null,null,ru,176.15.220.74,api.granilink.com,GET,/api/auth/me,/api/auth/me,2026-04-03,2026-04-03T13:20:37Z,200,2026-04-03T13:20:36Z,200,9e685f250faba455
null,null,null,null,ru,176.15.220.74,api.granilink.com,GET,/api/vpn/status,/api/vpn/status?device_id=3d78acc6-fdbf-41cd-98f7-646671a21e94,2026-04-03,2026-04-03T13:20:37Z,200,2026-04-03T13:20:36Z,200,9e685f263faadbad
null,null,null,null,hu,45.12.132.94,api.granilink.com,GET,/api/internal/node/v1/assignment,/api/internal/node/v1/assignment?node_id=1,2026-04-03,2026-04-03T13:21:17Z,200,2026-04-03T13:21:17Z,200,9e68602259af5ba9
null,null,null,null,hu,45.12.132.94,api.granilink.com,POST,/api/internal/node/v1/heartbeat,/api/internal/node/v1/heartbeat,2026-04-03,2026-04-03T13:21:24Z,200,2026-04-03T13:21:23Z,200,9e68604c1a112942
null,null,null,null,hu,45.12.132.94,api.granilink.com,POST,/api/internal/node/v1/heartbeat,/api/internal/node/v1/heartbeat,2026-04-03,2026-04-03T13:20:16Z,200,2026-04-03T13:20:15Z,200,9e685ea0a8e75ad7
null,null,null,null,ru,176.15.220.74,api.granilink.com,GET,/api/vpn/servers,/api/vpn/servers,2026-04-03,2026-04-03T13:20:15Z,200,2026-04-03T13:20:15Z,200,9e685e9e5d12993e
null,null,null,null,ru,176.15.220.74,api.granilink.com,GET,/api/auth/me,/api/auth/me,2026-04-03,2026-04-03T13:20:20Z,200,2026-04-03T13:20:20Z,200,9e685ebf0ec65c98
null,null,null,null,ru,176.15.220.74,api.granilink.com,GET,/api/auth/me,/api/auth/me,2026-04-03,2026-04-03T13:20:16Z,200,2026-04-03T13:20:15Z,200,9e685ea14f175c98
null,null,null,null,ru,176.15.220.74,api.granilink.com,GET,/api/vpn/status,/api/vpn/status?device_id=3d78acc6-fdbf-41cd-98f7-646671a21e94,2026-04-03,2026-04-03T13:20:16Z,200,2026-04-03T13:20:15Z,200,9e685ea14f4e9758
null,null,null,null,ru,176.15.220.74,api.granilink.com,GET,/api/vpn/devices,/api/vpn/devices,2026-04-03,2026-04-03T13:20:23Z,200,2026-04-03T13:20:22Z,200,9e685ecd9afff351
null,null,null,null,ru,176.15.220.74,api.granilink.com,GET,/api/auth/me,/api/auth/me,2026-04-03,2026-04-03T13:20:32Z,200,2026-04-03T13:20:32Z,200,9e685f09dd56a455
null,null,null,null,hu,45.12.132.94,api.granilink.com,POST,/api/internal/node/v1/heartbeat,/api/internal/node/v1/heartbeat,2026-04-03,2026-04-03T13:20:49Z,200,2026-04-03T13:20:49Z,200,9e685f72e8dec026
null,null,null,null,hu,45.12.132.94,api.granilink.com,GET,/api/internal/node/v1/assignment,/api/internal/node/v1/assignment?node_id=1,2026-04-03,2026-04-03T13:19:44Z,200,2026-04-03T13:19:43Z,200,9e685dd8dec45b8e
null,null,null,null,hu,45.12.132.94,api.granilink.com,POST,/api/internal/node/v1/heartbeat,/api/internal/node/v1/heartbeat,2026-04-03,2026-04-03T13:19:45Z,200,2026-04-03T13:19:45Z,200,9e685de35c5a5b43
null,null,null,null,ru,176.15.220.74,api.granilink.com,GET,/api/vpn/servers,/api/vpn/servers,2026-04-03,2026-04-03T13:20:10Z,200,2026-04-03T13:20:09Z,200,9e685e78b8eb993e
null,null,null,null,ru,176.15.220.74,api.granilink.com,POST,/api/vpn/device/register,/api/vpn/device/register,2026-04-03,2026-04-03T13:20:18Z,200,2026-04-03T13:20:18Z,200,9e685eb24f429758
null,null,null,null,ru,176.15.220.74,api.granilink.com,POST,/api/auth/send-code,/api/auth/send-code,2026-04-03,2026-04-03T13:19:45Z,200,2026-04-03T13:19:44Z,200,9e685de0cb66992d
null,null,null,null,ru,176.15.220.74,api.granilink.com,POST,/api/auth/verify-code,/api/auth/verify-code,2026-04-03,2026-04-03T13:20:03Z,200,2026-04-03T13:20:03Z,200,9e685e52cf1d2d71
null,null,null,null,ru,176.15.220.74,api.granilink.com,GET,/api/auth/me,/api/auth/me,2026-04-03,2026-04-03T13:20:04Z,200,2026-04-03T13:20:04Z,200,9e685e59eb8e2d71
null,null,null,null,hu,45.12.132.94,api.granilink.com,POST,/api/internal/node/v1/heartbeat,/api/internal/node/v1/heartbeat,2026-04-03,2026-04-03T13:18:44Z,200,2026-04-03T13:18:44Z,200,9e685c655e5d5b06
null,null,null,null,hu,45.12.132.94,api.granilink.com,POST,/api/internal/node/v1/heartbeat,/api/internal/node/v1/heartbeat,2026-04-03,2026-04-03T13:19:14Z,200,2026-04-03T13:19:14Z,200,9e685d223b2ac2a2
null,null,null,null,ru,176.15.220.74,api.granilink.com,POST,/api/auth/send-code,/api/auth/send-code,2026-04-03,2026-04-03T13:19:17Z,499,2026-04-03T13:19:02Z,0,9e685cd9ed57d394
null,null,null,null,hu,45.12.132.94,api.granilink.com,GET,/api/internal/node/v1/assignment,/api/internal/node/v1/assignment?node_id=1,2026-04-03,2026-04-03T13:18:09Z,200,2026-04-03T13:18:08Z,200,9e685b898a24f562
null,null,null,null,ru,176.15.220.74,api.granilink.com,GET,/api/vpn/bootstrap,/api/vpn/bootstrap,2026-04-03,2026-04-03T13:19:01Z,200,2026-04-03T13:19:01Z,200,9e685ccf8c77d394
null,null,null,null,hu,45.12.132.94,api.granilink.com,POST,/api/internal/node/v1/heartbeat,/api/internal/node/v1/heartbeat,2026-04-03,2026-04-03T13:17:39Z,200,2026-04-03T13:17:39Z,200,9e685acedbb05ac5
null,null,null,null,hu,45.12.132.94,api.granilink.com,POST,/api/internal/node/v1/heartbeat,/api/internal/node/v1/heartbeat,2026-04-03,2026-04-03T13:18:09Z,200,2026-04-03T13:18:09Z,200,9e685b8a6b305b9f
null,null,null,null,hu,45.12.132.94,api.granilink.com,POST,/api/internal/node/v1/heartbeat,/api/internal/node/v1/heartbeat,2026-04-03,2026-04-03T13:17:08Z,200,2026-04-03T13:17:07Z,200,9e685a0c5b499e0f
null,null,null,null,hu,45.12.132.94,api.granilink.com,POST,/api/internal/node/v1/heartbeat,/api/internal/node/v1/heartbeat,2026-04-03,2026-04-03T13:16:03Z,200,2026-04-03T13:16:02Z,200,9e6858756fe73ec1
null,null,null,null,hu,45.12.132.94,api.granilink.com,GET,/api/internal/node/v1/assignment,/api/internal/node/v1/assignment?node_id=1,2026-04-03,2026-04-03T13:16:30Z,200,2026-04-03T13:16:29Z,200,9e68591f2aad5b91
null,null,null,null,hu,45.12.132.94,api.granilink.com,POST,/api/internal/node/v1/heartbeat,/api/internal/node/v1/heartbeat,2026-04-03,2026-04-03T13:16:33Z,200,2026-04-03T13:16:32Z,200,9e6859323c5c0b0f
null,null,null,null,hu,45.12.132.94,api.granilink.com,POST,/api/internal/node/v1/heartbeat,/api/internal/node/v1/heartbeat,2026-04-03,2026-04-03T13:14:54Z,200,2026-04-03T13:14:53Z,200,9e6856c70dd35aa1
null,null,null,null,hu,45.12.132.94,api.granilink.com,GET,/api/internal/node/v1/assignment,/api/internal/node/v1/assignment?node_id=1,2026-04-03,2026-04-03T13:14:59Z,200,2026-04-03T13:14:58Z,200,9e6856e52a09c265
null,null,null,null,hu,45.12.132.94,api.granilink.com,POST,/api/internal/node/v1/heartbeat,/api/internal/node/v1/heartbeat,2026-04-03,2026-04-03T13:15:29Z,200,2026-04-03T13:15:28Z,200,9e6857a1ce273248
null,null,null,null,nl,77.83.39.58,granilink.com,GET,/.env,/.env,2026-04-03,2026-04-03T13:14:37Z,200,2026-04-03T13:14:37Z,200,9e68565dc9129f76
null,null,null,null,hu,45.12.132.94,api.granilink.com,POST,/api/internal/node/v1/heartbeat,/api/internal/node/v1/heartbeat,2026-04-03,2026-04-03T13:13:49Z,200,2026-04-03T13:13:48Z,200,9e6855313f2770b0
null,null,null,null,hu,45.12.132.94,api.granilink.com,POST,/api/internal/node/v1/heartbeat,/api/internal/node/v1/heartbeat,2026-04-03,2026-04-03T13:14:21Z,200,2026-04-03T13:14:19Z,200,9e6855f0ef799cca
null,null,null,null,hu,45.12.132.94,api.granilink.com,GET,/api/internal/node/v1/assignment,/api/internal/node/v1/assignment?node_id=1,2026-04-03,2026-04-03T13:13:28Z,200,2026-04-03T13:13:26Z,200,9e6854a6ca645b88
null,null,null,null,hu,45.12.132.94,api.granilink.com,POST,/api/internal/node/v1/heartbeat,/api/internal/node/v1/heartbeat,2026-04-03,2026-04-03T13:12:09Z,200,2026-04-03T13:12:08Z,200,9e6852bd8802f994
null,null,null,null,hu,45.12.132.94,api.granilink.com,POST,/api/internal/node/v1/heartbeat,/api/internal/node/v1/heartbeat,2026-04-03,2026-04-03T13:13:14Z,200,2026-04-03T13:13:14Z,200,9e6854577e925bb7
null,null,null,null,hu,45.12.132.94,api.granilink.com,GET,/api/internal/node/v1/assignment,/api/internal/node/v1/assignment?node_id=1,2026-04-03,2026-04-03T13:11:49Z,200,2026-04-03T13:11:48Z,200,9e685241eab4f97c
null,null,null,null,hu,45.12.132.94,api.granilink.com,POST,/api/internal/node/v1/heartbeat,/api/internal/node/v1/heartbeat,2026-04-03,2026-04-03T13:12:39Z,200,2026-04-03T13:12:38Z,200,9e68537af8b0f99a
null,null,null,null,hu,45.12.132.94,api.granilink.com,POST,/api/internal/node/v1/heartbeat,/api/internal/node/v1/heartbeat,2026-04-03,2026-04-03T13:11:34Z,200,2026-04-03T13:11:33Z,200,9e6851e4eb1dcf44
null,null,null,null,hu,45.12.132.94,api.granilink.com,GET,/api/internal/node/v1/assignment,/api/internal/node/v1/assignment?node_id=1,2026-04-03,2026-04-03T13:10:13Z,200,2026-04-03T13:10:12Z,200,9e684fe9bf8df97e
null,null,null,null,hu,45.12.132.94,api.granilink.com,POST,/api/internal/node/v1/heartbeat,/api/internal/node/v1/heartbeat,2026-04-03,2026-04-03T13:10:28Z,200,2026-04-03T13:10:27Z,200,9e6850484abca5dc
null,null,null,null,hu,45.12.132.94,api.granilink.com,POST,/api/internal/node/v1/heartbeat,/api/internal/node/v1/heartbeat,2026-04-03,2026-04-03T13:10:59Z,200,2026-04-03T13:10:58Z,200,9e68510a298a2794
null,null,null,null,hu,45.12.132.94,api.granilink.com,POST,/api/internal/node/v1/heartbeat,/api/internal/node/v1/heartbeat,2026-04-03,2026-04-03T13:09:54Z,200,2026-04-03T13:09:53Z,200,9e684f72d84abd61
null,null,null,null,hu,45.12.132.94,api.granilink.com,GET,/api/internal/node/v1/assignment,/api/internal/node/v1/assignment?node_id=1,2026-04-03,2026-04-03T13:08:39Z,200,2026-04-03T13:08:38Z,200,9e684d9e6bcefc52
null,null,null,null,hu,45.12.132.94,api.granilink.com,POST,/api/internal/node/v1/heartbeat,/api/internal/node/v1/heartbeat,2026-04-03,2026-04-03T13:08:44Z,200,2026-04-03T13:08:44Z,200,9e684dc03bdafc52
null,null,null,null,us,216.73.216.136,granilink.com,GET,/robots.txt,/robots.txt,2026-04-03,2026-04-03T13:09:07Z,200,2026-04-03T13:09:07Z,0,9e684e52febc9318
null,null,null,null,hu,45.12.132.94,api.granilink.com,POST,/api/internal/node/v1/heartbeat,/api/internal/node/v1/heartbeat,2026-04-03,2026-04-03T13:09:19Z,200,2026-04-03T13:09:18Z,200,9e684e9919659947
null,null,null,null,hu,45.12.132.94,api.granilink.com,POST,/api/internal/node/v1/heartbeat,/api/internal/node/v1/heartbeat,2026-04-03,2026-04-03T13:08:10Z,200,2026-04-03T13:08:10Z,200,9e684ceaaf36b605
null,null,null,null,hu,45.12.132.94,api.granilink.com,POST,/api/internal/node/v1/heartbeat,/api/internal/node/v1/heartbeat,2026-04-03,2026-04-03T13:07:39Z,200,2026-04-03T13:07:38Z,200,9e684c288986f96c
null,null,null,null,hu,45.12.132.94,api.granilink.com,POST,/api/internal/node/v1/heartbeat,/api/internal/node/v1/heartbeat,2026-04-03,2026-04-03T13:06:29Z,200,2026-04-03T13:06:28Z,200,9e684a729a4c5d3b
null,null,null,null,hu,45.12.132.94,api.granilink.com,GET,/api/internal/node/v1/assignment,/api/internal/node/v1/assignment?node_id=1,2026-04-03,2026-04-03T13:07:04Z,200,2026-04-03T13:07:03Z,200,9e684b4ce93ec31a
null,null,null,null,hu,45.12.132.94,api.granilink.com,POST,/api/internal/node/v1/heartbeat,/api/internal/node/v1/heartbeat,2026-04-03,2026-04-03T13:07:04Z,200,2026-04-03T13:07:04Z,200,9e684b4e999f9ce0
null,null,null,null,hu,45.12.132.94,api.granilink.com,GET,/api/internal/node/v1/assignment,/api/internal/node/v1/assignment?node_id=1,2026-04-03,2026-04-03T13:05:34Z,200,2026-04-03T13:05:34Z,200,9e68491c7f73d8dc
null,null,null,null,hu,45.12.132.94,api.granilink.com,POST,/api/internal/node/v1/heartbeat,/api/internal/node/v1/heartbeat,2026-04-03,2026-04-03T13:05:57Z,200,2026-04-03T13:05:56Z,200,9e6849aaee0d5baa
null,null,null,null,hu,45.12.132.94,api.granilink.com,POST,/api/internal/node/v1/heartbeat,/api/internal/node/v1/heartbeat,2026-04-03,2026-04-03T13:04:50Z,200,2026-04-03T13:04:48Z,200,9e6848019a28c242
null,null,null,null,hu,45.12.132.94,api.granilink.com,POST,/api/internal/node/v1/heartbeat,/api/internal/node/v1/heartbeat,2026-04-03,2026-04-03T13:05:23Z,200,2026-04-03T13:05:22Z,200,9e6848d538155b4e
null,null,null,null,hu,45.12.132.94,api.granilink.com,POST,/api/internal/node/v1/heartbeat,/api/internal/node/v1/heartbeat,2026-04-03,2026-04-03T13:04:15Z,200,2026-04-03T13:04:14Z,200,9e68472d3f439a97
null,null,null,null,hu,45.12.132.94,api.granilink.com,GET,/api/internal/node/v1/assignment,/api/internal/node/v1/assignment?node_id=1,2026-04-03,2026-04-03T13:04:01Z,200,2026-04-03T13:04:00Z,200,9e6846d50f76cd5a
null,null,null,null,hu,45.12.132.94,api.granilink.com,POST,/api/internal/node/v1/heartbeat,/api/internal/node/v1/heartbeat,2026-04-03,2026-04-03T13:03:44Z,200,2026-04-03T13:03:44Z,200,9e68466cfd3a8eb1
null,null,null,null,hu,45.12.132.94,api.granilink.com,GET,/api/auth/me,/api/auth/me,2026-04-03,2026-04-03T13:03:59Z,200,2026-04-03T13:03:58Z,200,9e6846c92a09f406
null,null,null,null,ru,94.180.243.40,api.granilink.com,POST,/api/vpn/logs/send,/api/vpn/logs/send,2026-04-03,2026-04-03T13:04:04Z,202,2026-04-03T13:04:04Z,202,9e6846eaac218bde
null,null,null,null,hu,45.12.132.94,api.granilink.com,GET,/api/vpn/status,/api/vpn/status?device_id=ca4f7d8b-cc0e-4f7e-bbae-2eb033ba7ef6,2026-04-03,2026-04-03T13:04:01Z,499,2026-04-03T13:03:58Z,0,9e6846c8aded5814
null,null,null,null,hu,45.12.132.94,api.granilink.com,POST,/api/internal/node/v1/assignment/debe65a8-6ff6-48bf-9e59-fa310db85e72/result,/api/internal/node/v1/assignment/debe65a8-6ff6-48bf-9e59-fa310db85e72/result?node_id=1,2026-04-03,2026-04-03T13:04:02Z,200,2026-04-03T13:04:02Z,200,9e6846de4cd05b31
null,null,null,null,hu,45.12.132.94,api.granilink.com,GET,/api/vpn/servers,/api/vpn/servers,2026-04-03,2026-04-03T13:03:59Z,200,2026-04-03T13:03:58Z,200,9e6846c76a8fc287
null,null,null,null,ru,94.180.243.40,api.granilink.com,GET,/api/vpn/devices,/api/vpn/devices,2026-04-03,2026-04-03T13:04:01Z,200,2026-04-03T13:04:00Z,200,9e6846d5beeca7a8
null,null,null,null,hu,45.12.132.94,api.granilink.com,POST,/api/internal/node/v1/heartbeat,/api/internal/node/v1/heartbeat,2026-04-03,2026-04-03T13:03:09Z,200,2026-04-03T13:03:08Z,200,9e684590ab535bb3
null,null,null,null,nl,94.131.107.227,api.granilink.com,GET,/api/vpn/status,/api/vpn/status?device_id=ca4f7d8b-cc0e-4f7e-bbae-2eb033ba7ef6,2026-04-03,2026-04-03T13:03:07Z,200,2026-04-03T13:03:05Z,200,9e68457cd9f69721
null,null,null,null,hu,45.12.132.94,api.granilink.com,GET,/api/vpn/servers,/api/vpn/servers,2026-04-03,2026-04-03T13:03:40Z,200,2026-04-03T13:03:40Z,200,9e684654bbffc2b1
null,null,null,null,hu,45.12.132.94,api.granilink.com,GET,/api/auth/me,/api/auth/me,2026-04-03,2026-04-03T13:03:40Z,200,2026-04-03T13:03:40Z,200,9e684655bd36d87b
null,null,null,null,hu,45.12.132.94,api.granilink.com,POST,/api/vpn/logs/send,/api/vpn/logs/send,2026-04-03,2026-04-03T13:03:33Z,202,2026-04-03T13:03:33Z,202,9e684628389b5bb2
null,null,null,null,hu,45.12.132.94,api.granilink.com,GET,/api/vpn/status,/api/vpn/status?device_id=ca4f7d8b-cc0e-4f7e-bbae-2eb033ba7ef6,2026-04-03,2026-04-03T13:03:57Z,200,2026-04-03T13:03:41Z,200,9e68465c19dcc287
null,null,null,null,ru,94.180.243.40,api.granilink.com,POST,/api/vpn/disconnect,/api/vpn/disconnect,2026-04-03,2026-04-03T13:04:00Z,200,2026-04-03T13:04:00Z,200,9e6846d22f6880fa
null,null,null,null,hu,45.12.132.94,api.granilink.com,GET,/api/internal/node/v1/assignment,/api/internal/node/v1/assignment?node_id=1,2026-04-03,2026-04-03T13:02:30Z,200,2026-04-03T13:02:29Z,200,9e68449cba58c289
null,null,null,null,hu,45.12.132.94,api.granilink.com,POST,/api/internal/node/v1/heartbeat,/api/internal/node/v1/heartbeat,2026-04-03,2026-04-03T13:02:38Z,200,2026-04-03T13:02:37Z,200,9e6844cc79145b5a
null,null,null,null,nl,94.131.107.227,api.granilink.com,GET,/api/auth/me,/api/auth/me,2026-04-03,2026-04-03T13:03:06Z,200,2026-04-03T13:03:05Z,200,9e68457cde320b5e
null,null,null,null,nl,94.131.107.227,api.granilink.com,GET,/api/vpn/servers,/api/vpn/servers,2026-04-03,2026-04-03T13:03:06Z,200,2026-04-03T13:03:05Z,200,9e68457cd95966ca
null,null,null,null,ru,94.180.243.40,api.granilink.com,POST,/api/vpn/session/prepare,/api/vpn/session/prepare,2026-04-03,2026-04-03T13:03:14Z,200,2026-04-03T13:03:10Z,200,9e684597e8931348
null,null,null,null,ru,94.180.243.40,api.granilink.com,GET,/api/vpn/status,/api/vpn/status?device_id=ca4f7d8b-cc0e-4f7e-bbae-2eb033ba7ef6,2026-04-03,2026-04-03T13:03:10Z,200,2026-04-03T13:03:09Z,200,9e684596eac65546
null,null,null,null,hu,45.12.132.94,api.granilink.com,POST,/api/internal/node/v1/heartbeat,/api/internal/node/v1/heartbeat,2026-04-03,2026-04-03T13:02:07Z,200,2026-04-03T13:02:06Z,200,9e68440b9cd7af0a
null,null,null,null,nl,94.131.107.227,api.granilink.com,GET,/api/vpn/servers,/api/vpn/servers,2026-04-03,2026-04-03T13:02:12Z,200,2026-04-03T13:02:12Z,200,9e68442f1b2e66be
null,null,null,null,nl,94.131.107.227,api.granilink.com,GET,/api/auth/me,/api/auth/me,2026-04-03,2026-04-03T13:02:12Z,200,2026-04-03T13:02:12Z,200,9e68442f1fe4d0d5
null,null,null,null,hu,45.12.132.94,api.granilink.com,POST,/api/internal/node/v1/heartbeat,/api/internal/node/v1/heartbeat,2026-04-03,2026-04-03T13:01:33Z,200,2026-04-03T13:01:32Z,200,9e684338d82f5bb6
null,null,null,null,nl,94.131.107.227,api.granilink.com,GET,/api/vpn/status,/api/vpn/status?device_id=ca4f7d8b-cc0e-4f7e-bbae-2eb033ba7ef6,2026-04-03,2026-04-03T13:02:12Z,200,2026-04-03T13:02:12Z,200,9e68442f1b09c73c
null,null,null,null,hu,45.12.132.94,api.granilink.com,POST,/api/internal/node/v1/heartbeat,/api/internal/node/v1/heartbeat,2026-04-03,2026-04-03T13:00:59Z,200,2026-04-03T13:00:59Z,200,9e684265485127b8
null,null,null,null,hu,45.12.132.94,api.granilink.com,POST,/api/internal/node/v1/heartbeat,/api/internal/node/v1/heartbeat,2026-04-03,2026-04-03T13:00:29Z,200,2026-04-03T13:00:28Z,200,9e6841a8490234c2
null,null,null,null,hu,45.12.132.94,api.granilink.com,GET,/api/internal/node/v1/assignment,/api/internal/node/v1/assignment?node_id=1,2026-04-03,2026-04-03T13:00:59Z,200,2026-04-03T13:00:58Z,200,9e684263f8713249
null,null,null,null,hu,45.12.132.94,api.granilink.com,POST,/api/internal/node/v1/heartbeat,/api/internal/node/v1/heartbeat,2026-04-03,2026-04-03T12:59:57Z,200,2026-04-03T12:59:57Z,200,9e6840e20d1e34c2
null,null,null,null,us,74.7.228.58,api.granilink.com,GET,/robots.txt,/robots.txt,2026-04-03,2026-04-03T13:00:27Z,200,2026-04-03T13:00:26Z,0,9e684197f870881c
null,null,null,null,hu,45.12.132.94,api.granilink.com,GET,/api/internal/node/v1/assignment,/api/internal/node/v1/assignment?node_id=1,2026-04-03,2026-04-03T12:59:23Z,200,2026-04-03T12:59:22Z,200,9e68400c1c57d87b
null,null,null,null,hu,45.12.132.94,api.granilink.com,POST,/api/internal/node/v1/heartbeat,/api/internal/node/v1/heartbeat,2026-04-03,2026-04-03T12:58:54Z,200,2026-04-03T12:58:53Z,200,9e683f550ecac31a
null,null,null,null,hu,45.12.132.94,api.granilink.com,POST,/api/internal/node/v1/heartbeat,/api/internal/node/v1/heartbeat,2026-04-03,2026-04-03T12:59:24Z,200,2026-04-03T12:59:23Z,200,9e6840120b86a0c4
null,null,null,null,hu,45.12.132.94,api.granilink.com,GET,/api/internal/node/v1/assignment,/api/internal/node/v1/assignment?node_id=1,2026-04-03,2026-04-03T12:57:50Z,200,2026-04-03T12:57:50Z,200,9e683dc7ecd811d5
null,null,null,null,hu,45.12.132.94,api.granilink.com,POST,/api/internal/node/v1/heartbeat,/api/internal/node/v1/heartbeat,2026-04-03,2026-04-03T12:58:20Z,200,2026-04-03T12:58:19Z,200,9e683e812be65bbb
null,null,null,null,hu,45.12.132.94,api.granilink.com,POST,/api/internal/node/v1/heartbeat,/api/internal/node/v1/heartbeat,2026-04-03,2026-04-03T12:57:50Z,200,2026-04-03T12:57:49Z,200,9e683dc49dd9c25b
null,null,null,null,hu,45.12.132.94,api.granilink.com,POST,/api/internal/node/v1/heartbeat,/api/internal/node/v1/heartbeat,2026-04-03,2026-04-03T12:56:09Z,200,2026-04-03T12:56:09Z,200,9e683b50fe25af0a
null,null,null,null,hu,45.12.132.94,api.granilink.com,GET,/api/internal/node/v1/assignment,/api/internal/node/v1/assignment?node_id=1,2026-04-03,2026-04-03T12:56:09Z,200,2026-04-03T12:56:08Z,200,9e683b4fabf97817
null,null,null,null,hu,45.12.132.94,api.granilink.com,POST,/api/internal/node/v1/heartbeat,/api/internal/node/v1/heartbeat,2026-04-03,2026-04-03T12:57:15Z,200,2026-04-03T12:57:15Z,200,9e683ced38f04341
null,null,null,null,hu,45.12.132.94,api.granilink.com,POST,/api/internal/node/v1/heartbeat,/api/internal/node/v1/heartbeat,2026-04-03,2026-04-03T12:56:45Z,200,2026-04-03T12:56:44Z,200,9e683c2e69593244
null,null,null,null,hu,45.12.132.94,api.granilink.com,POST,/api/internal/node/v1/heartbeat,/api/internal/node/v1/heartbeat,2026-04-03,2026-04-03T12:55:01Z,200,2026-04-03T12:55:00Z,200,9e6839a63aaac2d7
null,null,null,null,hu,45.12.132.94,api.granilink.com,POST,/api/internal/node/v1/heartbeat,/api/internal/node/v1/heartbeat,2026-04-03,2026-04-03T12:55:35Z,200,2026-04-03T12:55:34Z,200,9e683a7b58c4c228
null,null,null,null,hu,45.12.132.94,api.granilink.com,POST,/api/internal/node/v1/heartbeat,/api/internal/node/v1/heartbeat,2026-04-03,2026-04-03T12:53:54Z,200,2026-04-03T12:53:54Z,200,9e683804be0c5b7e
null,null,null,null,hu,45.12.132.94,api.granilink.com,POST,/api/internal/node/v1/heartbeat,/api/internal/node/v1/heartbeat,2026-04-03,2026-04-03T12:54:29Z,200,2026-04-03T12:54:29Z,200,9e6838dfac67c219
null,null,null,null,hu,45.12.132.94,api.granilink.com,GET,/api/internal/node/v1/assignment,/api/internal/node/v1/assignment?node_id=1,2026-04-03,2026-04-03T12:54:31Z,200,2026-04-03T12:54:30Z,200,9e6838e8ede35a86
null,null,null,null,hu,45.12.132.94,api.granilink.com,POST,/api/internal/node/v1/heartbeat,/api/internal/node/v1/heartbeat,2026-04-03,2026-04-03T12:52:47Z,200,2026-04-03T12:52:47Z,200,9e683661cc30e1a5
null,null,null,null,sg,161.118.213.211,granilink.com,GET,/wp-login.php,/wp-login.php,2026-04-03,2026-04-03T12:52:45Z,200,2026-04-03T12:52:45Z,200,9e68365a5f4a6ba8
null,null,null,null,sg,161.118.213.211,granilink.com,GET,/user/login,/user/login,2026-04-03,2026-04-03T12:52:46Z,200,2026-04-03T12:52:46Z,200,9e68365e49536ba8
null,null,null,null,sg,161.118.213.211,granilink.com,GET,/register,/register,2026-04-03,2026-04-03T12:52:47Z,200,2026-04-03T12:52:47Z,200,9e683661db636ba8
null,null,null,null,sg,161.118.213.211,granilink.com,GET,/wp-admin/,/wp-admin/,2026-04-03,2026-04-03T12:52:46Z,200,2026-04-03T12:52:45Z,200,9e68365b7fea6ba8
null,null,null,null,sg,161.118.213.211,granilink.com,GET,/admin,/admin,2026-04-03,2026-04-03T12:52:47Z,404,2026-04-03T12:52:47Z,404,9e683662fc0c6ba8
null,null,null,null,nl,94.131.107.227,api.granilink.com,GET,/api/auth/me,/api/auth/me,2026-04-03,2026-04-03T12:52:47Z,200,2026-04-03T12:52:47Z,200,9e6836625def50ff
null,null,null,null,sg,161.118.213.211,granilink.com,GET,/,/,2026-04-03,2026-04-03T12:52:45Z,200,2026-04-03T12:52:45Z,200,9e683655dcd76ba8
null,null,null,null,sg,161.118.213.211,granilink.com,GET,/administrator/,/administrator/,2026-04-03,2026-04-03T12:52:46Z,404,2026-04-03T12:52:46Z,404,9e68365cb87c6ba8
null,null,null,null,sg,161.118.213.211,granilink.com,GET,/login,/login,2026-04-03,2026-04-03T12:52:47Z,200,2026-04-03T12:52:46Z,200,9e683660bac16ba8
null,null,null,null,nl,94.131.107.227,api.granilink.com,GET,/api/vpn/servers,/api/vpn/servers,2026-04-03,2026-04-03T12:52:47Z,200,2026-04-03T12:52:47Z,200,9e683662bd6dfece
null,null,null,null,sg,161.118.213.211,granilink.com,GET,/,/,2026-04-03,2026-04-03T12:52:45Z,200,2026-04-03T12:52:44Z,200,9e6836514a6d6ba8
null,null,null,null,sg,161.118.213.211,granilink.com,GET,/admin,/admin,2026-04-03,2026-04-03T12:52:46Z,404,2026-04-03T12:52:46Z,404,9e68365f69f06ba8
null,null,null,null,sg,161.118.213.211,granilink.com,GET,/login,/login,2026-04-03,2026-04-03T12:52:47Z,200,2026-04-03T12:52:47Z,200,9e6836643c936ba8
null,null,null,null,hu,45.12.132.94,api.granilink.com,GET,/api/internal/node/v1/assignment,/api/internal/node/v1/assignment?node_id=1,2026-04-03,2026-04-03T12:53:00Z,200,2026-04-03T12:53:00Z,200,9e6836b5a8a73257
null,null,null,null,nl,94.131.107.227,api.granilink.com,GET,/api/vpn/status,/api/vpn/status?device_id=ca4f7d8b-cc0e-4f7e-bbae-2eb033ba7ef6,2026-04-03,2026-04-03T12:52:47Z,200,2026-04-03T12:52:47Z,200,9e6836641b545671
null,null,null,null,nl,94.131.107.227,api.granilink.com,GET,/api/vpn/status,/api/vpn/status?device_id=ca4f7d8b-cc0e-4f7e-bbae-2eb033ba7ef6,2026-04-03,2026-04-03T12:52:47Z,200,2026-04-03T12:52:47Z,200,9e6836625b05de1c
null,null,null,null,hu,45.12.132.94,api.granilink.com,POST,/api/internal/node/v1/heartbeat,/api/internal/node/v1/heartbeat,2026-04-03,2026-04-03T12:53:19Z,200,2026-04-03T12:53:18Z,200,9e683729396f27b8
null,null,null,null,nl,94.131.107.227,api.granilink.com,GET,/api/vpn/devices,/api/vpn/devices,2026-04-03,2026-04-03T12:51:41Z,200,2026-04-03T12:51:41Z,200,9e6834c6ca919f6a
null,null,null,null,hu,45.12.132.94,api.granilink.com,POST,/api/internal/node/v1/heartbeat,/api/internal/node/v1/heartbeat,2026-04-03,2026-04-03T12:51:41Z,200,2026-04-03T12:51:40Z,200,9e6834c3cc6bb190
null,null,null,null,nl,94.131.107.227,api.granilink.com,GET,/api/vpn/devices,/api/vpn/devices,2026-04-03,2026-04-03T12:51:48Z,200,2026-04-03T12:51:47Z,200,9e6834efa98d9f6a
null,null,null,null,hu,45.12.132.94,api.granilink.com,GET,/api/internal/node/v1/assignment,/api/internal/node/v1/assignment?node_id=1,2026-04-03,2026-04-03T12:51:29Z,200,2026-04-03T12:51:28Z,200,9e683478fa995d09
null,null,null,null,nl,94.131.107.227,api.granilink.com,GET,/api/vpn/servers,/api/vpn/servers,2026-04-03,2026-04-03T12:51:34Z,200,2026-04-03T12:51:34Z,200,9e68349bea82e6fe
null,null,null,null,nl,94.131.107.227,api.granilink.com,GET,/api/vpn/status,/api/vpn/status?device_id=ca4f7d8b-cc0e-4f7e-bbae-2eb033ba7ef6,2026-04-03,2026-04-03T12:51:34Z,200,2026-04-03T12:51:34Z,200,9e68349be9a29f6a
null,null,null,null,nl,94.131.107.227,api.granilink.com,GET,/api/vpn/devices,/api/vpn/devices,2026-04-03,2026-04-03T12:51:37Z,200,2026-04-03T12:51:36Z,200,9e6834a9df719f6a
null,null,null,null,nl,94.131.107.227,api.granilink.com,GET,/api/auth/me,/api/auth/me,2026-04-03,2026-04-03T12:51:36Z,200,2026-04-03T12:51:34Z,200,9e68349c5db34555
null,null,null,null,nl,94.131.107.227,api.granilink.com,POST,/api/vpn/device/delete,/api/vpn/device/delete,2026-04-03,2026-04-03T12:51:44Z,200,2026-04-03T12:51:43Z,200,9e6834d638b39f6a
null,null,null,null,hu,45.12.132.94,api.granilink.com,POST,/api/internal/node/v1/heartbeat,/api/internal/node/v1/heartbeat,2026-04-03,2026-04-03T12:52:12Z,200,2026-04-03T12:52:11Z,200,9e6835868db7c2ed
null,null,null,null,hu,45.12.132.94,api.granilink.com,POST,/api/internal/node/v1/heartbeat,/api/internal/node/v1/heartbeat,2026-04-03,2026-04-03T12:51:09Z,200,2026-04-03T12:51:08Z,200,9e6833fc9ae96e94
null,null,null,null,hu,45.12.132.94,api.granilink.com,POST,/api/internal/node/v1/heartbeat,/api/internal/node/v1/heartbeat,2026-04-03,2026-04-03T12:50:35Z,200,2026-04-03T12:50:35Z,200,9e68332a39a61e28
null,null,null,null,nl,94.131.107.227,api.granilink.com,GET,/api/auth/me,/api/auth/me,2026-04-03,2026-04-03T12:49:16Z,200,2026-04-03T12:49:16Z,200,9e68313d6e3cf5cd
null,null,null,null,nl,94.131.107.227,api.granilink.com,GET,/api/auth/me,/api/auth/me,2026-04-03,2026-04-03T12:49:31Z,200,2026-04-03T12:49:30Z,200,9e683196582ef5cd
null,null,null,null,nl,94.131.107.227,api.granilink.com,GET,/api/vpn/servers,/api/vpn/servers,2026-04-03,2026-04-03T12:49:31Z,200,2026-04-03T12:49:30Z,200,9e6831965d0d5847
null,null,null,null,hu,45.12.132.94,api.granilink.com,POST,/api/internal/node/v1/heartbeat,/api/internal/node/v1/heartbeat,2026-04-03,2026-04-03T12:50:02Z,200,2026-04-03T12:50:02Z,200,9e68325bfec4bde7
null,null,null,null,nl,94.131.107.227,api.granilink.com,GET,/api/vpn/status,/api/vpn/status?device_id=ca4f7d8b-cc0e-4f7e-bbae-2eb033ba7ef6,2026-04-03,2026-04-03T12:49:31Z,200,2026-04-03T12:49:30Z,200,9e683196587112fa
null,null,null,null,hu,45.12.132.94,api.granilink.com,POST,/api/internal/node/v1/heartbeat,/api/internal/node/v1/heartbeat,2026-04-03,2026-04-03T12:49:31Z,200,2026-04-03T12:49:30Z,200,9e6831957f337ab4
null,null,null,null,hu,45.12.132.94,api.granilink.com,GET,/api/internal/node/v1/assignment,/api/internal/node/v1/assignment?node_id=1,2026-04-03,2026-04-03T12:49:49Z,200,2026-04-03T12:49:48Z,200,9e683207ddf1deac
null,null,null,null,hu,45.12.132.94,api.granilink.com,POST,/api/internal/node/v1/heartbeat,/api/internal/node/v1/heartbeat,2026-04-03,2026-04-03T12:49:00Z,200,2026-04-03T12:48:59Z,200,9e6830d40a000d40
null,null,null,null,nl,94.131.107.227,api.granilink.com,GET,/api/vpn/servers,/api/vpn/servers,2026-04-03,2026-04-03T12:49:16Z,200,2026-04-03T12:49:16Z,200,9e68313d68c912fa
null,null,null,null,nl,94.131.107.227,api.granilink.com,GET,/api/vpn/status,/api/vpn/status?device_id=ca4f7d8b-cc0e-4f7e-bbae-2eb033ba7ef6,2026-04-03,2026-04-03T12:49:17Z,200,2026-04-03T12:49:16Z,200,9e68313d69345847
null,null,null,null,hu,45.12.132.94,api.granilink.com,POST,/api/internal/node/v1/heartbeat,/api/internal/node/v1/heartbeat,2026-04-03,2026-04-03T12:48:29Z,200,2026-04-03T12:48:28Z,200,9e683014f9a9b38f
null,null,null,null,hu,45.12.132.94,api.granilink.com,POST,/api/internal/node/v1/heartbeat,/api/internal/node/v1/heartbeat,2026-04-03,2026-04-03T12:47:59Z,200,2026-04-03T12:47:58Z,200,9e682f592f4987f2
null,null,null,null,hu,45.12.132.94,api.granilink.com,POST,/api/internal/node/v1/heartbeat,/api/internal/node/v1/heartbeat,2026-04-03,2026-04-03T12:47:24Z,200,2026-04-03T12:47:23Z,200,9e682e7e4e5dc0a1
null,null,null,null,hu,45.12.132.94,api.granilink.com,GET,/api/internal/node/v1/assignment,/api/internal/node/v1/assignment?node_id=1,2026-04-03,2026-04-03T12:48:15Z,200,2026-04-03T12:48:14Z,200,9e682fbac9306e75
null,null,null,null,hu,45.12.132.94,api.granilink.com,GET,/api/internal/node/v1/assignment,/api/internal/node/v1/assignment?node_id=1,2026-04-03,2026-04-03T12:46:41Z,200,2026-04-03T12:46:41Z,200,9e682d731fc6f98a
null,null,null,null,hu,45.12.132.94,api.granilink.com,POST,/api/internal/node/v1/heartbeat,/api/internal/node/v1/heartbeat,2026-04-03,2026-04-03T12:46:49Z,200,2026-04-03T12:46:48Z,200,9e682da37e71b605
null,null,null,null,hu,45.12.132.94,api.granilink.com,POST,/api/internal/node/v1/heartbeat,/api/internal/node/v1/heartbeat,2026-04-03,2026-04-03T12:45:44Z,200,2026-04-03T12:45:43Z,200,9e682c0d3a663ec1
null,null,null,null,hu,45.12.132.94,api.granilink.com,POST,/api/internal/node/v1/heartbeat,/api/internal/node/v1/heartbeat,2026-04-03,2026-04-03T12:46:14Z,200,2026-04-03T12:46:14Z,200,9e682ccb5bc05b27
null,null,null,null,hu,45.12.132.94,api.granilink.com,POST,/api/internal/node/v1/heartbeat,/api/internal/node/v1/heartbeat,2026-04-03,2026-04-03T12:45:09Z,200,2026-04-03T12:45:08Z,200,9e682b332cb75ae3
null,null,null,null,hu,45.12.132.94,api.granilink.com,GET,/api/internal/node/v1/assignment,/api/internal/node/v1/assignment?node_id=1,2026-04-03,2026-04-03T12:45:10Z,200,2026-04-03T12:45:09Z,200,9e682b36984bc232
null,null,null,null,nl,94.131.107.227,api.granilink.com,GET,/api/vpn/devices,/api/vpn/devices,2026-04-03,2026-04-03T12:45:35Z,200,2026-04-03T12:45:35Z,200,9e682bd65e036693
null,null,null,null,nl,94.131.107.227,api.granilink.com,POST,/api/auth/refresh-token,/api/auth/refresh-token,2026-04-03,2026-04-03T12:45:35Z,200,2026-04-03T12:45:34Z,200,9e682bd4cec70c39
null,null,null,null,nl,94.131.107.227,api.granilink.com,GET,/api/vpn/servers,/api/vpn/servers,2026-04-03,2026-04-03T12:45:34Z,400,2026-04-03T12:45:34Z,400,9e682bd178fc6693
null,null,null,null,nl,94.131.107.227,api.granilink.com,POST,/api/auth/refresh-token,/api/auth/refresh-token,2026-04-03,2026-04-03T12:45:34Z,200,2026-04-03T12:45:34Z,200,9e682bd09df7fba5
null,null,null,null,nl,94.131.107.227,api.granilink.com,GET,/api/auth/me,/api/auth/me,2026-04-03,2026-04-03T12:45:35Z,200,2026-04-03T12:45:34Z,200,9e682bd55a66fba5
null,null,null,null,nl,94.131.107.227,api.granilink.com,GET,/api/vpn/bootstrap,/api/vpn/bootstrap,2026-04-03,2026-04-03T12:45:34Z,200,2026-04-03T12:45:34Z,200,9e682bd04b930c39
null,null,null,null,nl,94.131.107.227,api.granilink.com,GET,/api/vpn/status,/api/vpn/status?device_id=ca4f7d8b-cc0e-4f7e-bbae-2eb033ba7ef6,2026-04-03,2026-04-03T12:45:36Z,200,2026-04-03T12:45:35Z,200,9e682bdaaee69fc0
null,null,null,null,nl,94.131.107.227,api.granilink.com,POST,/api/vpn/device/push-token,/api/vpn/device/push-token,2026-04-03,2026-04-03T12:45:34Z,401,2026-04-03T12:45:34Z,401,9e682bd0aaf5b944
null,null,null,null,nl,94.131.107.227,api.granilink.com,POST,/api/vpn/device/register,/api/vpn/device/register,2026-04-03,2026-04-03T12:45:35Z,200,2026-04-03T12:45:34Z,200,9e682bd568fcb944
null,null,null,null,nl,94.131.107.227,api.granilink.com,POST,/api/vpn/device/push-token,/api/vpn/device/push-token,2026-04-03,2026-04-03T12:45:36Z,200,2026-04-03T12:45:35Z,200,9e682bd97e12b944
null,null,null,null,hu,45.12.132.94,api.granilink.com,POST,/api/internal/node/v1/heartbeat,/api/internal/node/v1/heartbeat,2026-04-03,2026-04-03T12:44:39Z,200,2026-04-03T12:44:38Z,200,9e682a770c455b81
null,null,null,null,hu,45.12.132.94,api.granilink.com,POST,/api/internal/node/v1/heartbeat,/api/internal/node/v1/heartbeat,2026-04-03,2026-04-03T12:44:05Z,200,2026-04-03T12:44:04Z,200,9e6829a29f060388